Workbook

Sheet Dashboard
B2: MARKETING DASHBOARD
B3: Last 30 Days | K3: Last Updated:
B5: 🔍 GOOGLE SEARCH CONSOLE | F5: 📸 INSTAGRAM | J5: 👍 FACEBOOK PAGE
B7: =IFERROR(INDEX(Data!E:E,MATCH("gsc_clicks",Data!B:B,0)),"Clicks") | C7: =IFERROR(INDEX(Data!E:E,MATCH("gsc_impressions",Data!B:B,0)),"Impressions") | D7: =IFERROR(INDEX(Data!E:E,MATCH("gsc_ctr",Data!B:B,0)),"Avg. CTR") | F7: =IFERROR(INDEX(Data!E:E,MATCH("ig_followers",Data!B:B,0)),"Followers") | G7: =IFERROR(INDEX(Data!E:E,MATCH("ig_reach",Data!B:B,0)),"Reach") | H7: =IFERROR(INDEX(Data!E:E,MATCH("ig_engagement",Data!B:B,0)),"Engagement") | J7: =IFERROR(INDEX(Data!E:E,MATCH("fb_followers",Data!B:B,0)),"Followers") | K7: =IFERROR(INDEX(Data!E:E,MATCH("fb_reach",Data!B:B,0)),"Reach") | L7: =IFERROR(INDEX(Data!E:E,MATCH("fb_engagement",Data!B:B,0)),"Engagement")
B8: =LET(val,IFERROR(VLOOKUP("gsc_clicks",Data!B:C,2,FALSE),0), IF(val>=1000000,TEXT(val/1000000,"0.0")&"M", IF(val>=1000,TEXT(val/1000,"0.0")&"K", TEXT(val,"#,##0")))) | C8: =LET(val,IFERROR(VLOOKUP("gsc_impressions",Data!B:C,2,FALSE),0), IF(val>=1000000,TEXT(val/1000000,"0.0")&"M", IF(val>=1000,TEXT(val/1000,"0.0")&"K", TEXT(val,"#,##0")))) | D8: =TEXT(IFERROR(VLOOKUP("gsc_ctr",Data!B:C,2,FALSE),0),"0.00%") | F8: =LET(val,IFERROR(VLOOKUP("ig_followers",Data!B:C,2,FALSE),0), IF(val>=1000000,TEXT(val/1000000,"0.0")&"M", IF(val>=1000,TEXT(val/1000,"0.0")&"K", TEXT(val,"#,##0")))) | G8: =LET(val,IFERROR(VLOOKUP("ig_reach",Data!B:C,2,FALSE),0), IF(val>=1000000,TEXT(val/1000000,"0.0")&"M", IF(val>=1000,TEXT(val/1000,"0.0")&"K", TEXT(val,"#,##0")))) | H8: =LET(val,IFERROR(VLOOKUP("ig_engagement",Data!B:C,2,FALSE),0), IF(val>=1000000,TEXT(val/1000000,"0.0")&"M", IF(val>=1000,TEXT(val/1000,"0.0")&"K", TEXT(val,"#,##0")))) | J8: =LET(val,IFERROR(VLOOKUP("fb_followers",Data!B:C,2,FALSE),0), IF(val>=1000000,TEXT(val/1000000,"0.0")&"M", IF(val>=1000,TEXT(val/1000,"0.0")&"K", TEXT(val,"#,##0")))) | K8: =LET(val,IFERROR(VLOOKUP("fb_reach",Data!B:C,2,FALSE),0), IF(val>=1000000,TEXT(val/1000000,"0.0")&"M", IF(val>=1000,TEXT(val/1000,"0.0")&"K", TEXT(val,"#,##0")))) | L8: =LET(val,IFERROR(VLOOKUP("fb_engagement",Data!B:C,2,FALSE),0), IF(val>=1000000,TEXT(val/1000000,"0.0")&"M", IF(val>=1000,TEXT(val/1000,"0.0")&"K", TEXT(val,"#,##0"))))
B9: =LET(curr,IFERROR(VLOOKUP("gsc_clicks",Data!B:C,2,FALSE),0), prev,IFERROR(VLOOKUP("gsc_clicks",Data!B:D,3,FALSE),0), IF(prev=0,"—",TEXT((curr-prev)/prev,"↑0.0%;↓0.0%;—")) ) | C9: =LET(curr,IFERROR(VLOOKUP("gsc_impressions",Data!B:C,2,FALSE),0), prev,IFERROR(VLOOKUP("gsc_impressions",Data!B:D,3,FALSE),0), IF(prev=0,"—",TEXT((curr-prev)/prev,"↑0.0%;↓0.0%;—")) ) | D9: =LET(curr,IFERROR(VLOOKUP("gsc_ctr",Data!B:C,2,FALSE),0), prev,IFERROR(VLOOKUP("gsc_ctr",Data!B:D,3,FALSE),0), IF(prev=0,"—",TEXT((curr-prev)/prev,"↑0.0%;↓0.0%;—")) ) | F9: =LET(curr,IFERROR(VLOOKUP("ig_followers",Data!B:C,2,FALSE),0), prev,IFERROR(VLOOKUP("ig_followers",Data!B:D,3,FALSE),0), IF(prev=0,"—",TEXT((curr-prev)/prev,"↑0.0%;↓0.0%;—")) ) | G9: =LET(curr,IFERROR(VLOOKUP("ig_reach",Data!B:C,2,FALSE),0), prev,IFERROR(VLOOKUP("ig_reach",Data!B:D,3,FALSE),0), IF(prev=0,"—",TEXT((curr-prev)/prev,"↑0.0%;↓0.0%;—")) ) | H9: =LET(curr,IFERROR(VLOOKUP("ig_engagement",Data!B:C,2,FALSE),0), prev,IFERROR(VLOOKUP("ig_engagement",Data!B:D,3,FALSE),0), IF(prev=0,"—",TEXT((curr-prev)/prev,"↑0.0%;↓0.0%;—")) ) | J9: =LET(curr,IFERROR(VLOOKUP("fb_followers",Data!B:C,2,FALSE),0), prev,IFERROR(VLOOKUP("fb_followers",Data!B:D,3,FALSE),0), IF(prev=0,"—",TEXT((curr-prev)/prev,"↑0.0%;↓0.0%;—")) ) | K9: =LET(curr,IFERROR(VLOOKUP("fb_reach",Data!B:C,2,FALSE),0), prev,IFERROR(VLOOKUP("fb_reach",Data!B:D,3,FALSE),0), IF(prev=0,"—",TEXT((curr-prev)/prev,"↑0.0%;↓0.0%;—")) ) | L9: =LET(curr,IFERROR(VLOOKUP("fb_engagement",Data!B:C,2,FALSE),0), prev,IFERROR(VLOOKUP("fb_engagement",Data!B:D,3,FALSE),0), IF(prev=0,"—",TEXT((curr-prev)/prev,"↑0.0%;↓0.0%;—")) )
B11: ="Avg. " & TEXT(IFERROR(VLOOKUP("gsc_position",Data!B:C,2,FALSE),0),"0.0") & " position" | F11: ="Eng. Rate " & TEXT(IFERROR(VLOOKUP("ig_engagement",Data!B:C,2,FALSE)/VLOOKUP("ig_reach",Data!B:C,2,FALSE),0),"0.0%") & " • " & LET(val,IFERROR(VLOOKUP("ig_saves",Data!B:C,2,FALSE),0), IF(val>=1000,TEXT(val/1000,"0.0")&"K", TEXT(val,"#,##0"))) & " saves" | J11: ="Eng. Rate " & TEXT(IFERROR(VLOOKUP("fb_engagement",Data!B:C,2,FALSE)/VLOOKUP("fb_reach",Data!B:C,2,FALSE),0),"0.0%") & " • " & LET(val,IFERROR(VLOOKUP("fb_video_views",Data!B:C,2,FALSE),0), IF(val>=1000,TEXT(val/1000,"0.0")&"K", TEXT(val,"#,##0"))) & " video views"
F12: =IFERROR(VLOOKUP("ig_posts",Data!B:C,2,FALSE),0) & " posts • " & IFERROR(VLOOKUP("ig_stories",Data!B:C,2,FALSE),0) & " stories • " & IFERROR(VLOOKUP("ig_reels",Data!B:C,2,FALSE),0) & " reels" | J12: =IFERROR(VLOOKUP("fb_posts",Data!B:C,2,FALSE),0) & " posts • " & IFERROR(VLOOKUP("fb_videos",Data!B:C,2,FALSE),0) & " videos"
B14: ▶️ YOUTUBE CHANNEL | F14: 💼 LINKEDIN PROFILE | J14: 🐵 MAILCHIMP
B16: =IFERROR(INDEX(Data!E:E,MATCH("yt_subscribers",Data!B:B,0)),"Subscribers") | C16: =IFERROR(INDEX(Data!E:E,MATCH("yt_views",Data!B:B,0)),"Views") | D16: =IFERROR(INDEX(Data!E:E,MATCH("yt_watch_time",Data!B:B,0)),"Watch Time (hrs)") | F16: =IFERROR(INDEX(Data!E:E,MATCH("li_followers",Data!B:B,0)),"Followers") | G16: =IFERROR(INDEX(Data!E:E,MATCH("li_impressions",Data!B:B,0)),"Impressions") | H16: =IFERROR(INDEX(Data!E:E,MATCH("li_engagement",Data!B:B,0)),"Engagement") | J16: =IFERROR(INDEX(Data!E:E,MATCH("mc_list_size",Data!B:B,0)),"List Size") | K16: =IFERROR(INDEX(Data!E:E,MATCH("mc_open_rate",Data!B:B,0)),"Open Rate") | L16: =IFERROR(INDEX(Data!E:E,MATCH("mc_click_rate",Data!B:B,0)),"Click Rate")
B17: =LET(val,IFERROR(VLOOKUP("yt_subscribers",Data!B:C,2,FALSE),0), IF(val>=1000000,TEXT(val/1000000,"0.0")&"M", IF(val>=1000,TEXT(val/1000,"0.0")&"K", TEXT(val,"#,##0")))) | C17: =LET(val,IFERROR(VLOOKUP("yt_views",Data!B:C,2,FALSE),0), IF(val>=1000000,TEXT(val/1000000,"0.0")&"M", IF(val>=1000,TEXT(val/1000,"0.0")&"K", TEXT(val,"#,##0")))) | D17: =LET(val,IFERROR(VLOOKUP("yt_watch_time",Data!B:C,2,FALSE),0), IF(val>=1000000,TEXT(val/1000000,"0.0")&"M", IF(val>=1000,TEXT(val/1000,"0.0")&"K", TEXT(val,"#,##0.0")))) | F17: =LET(val,IFERROR(VLOOKUP("li_followers",Data!B:C,2,FALSE),0), IF(val>=1000000,TEXT(val/1000000,"0.0")&"M", IF(val>=1000,TEXT(val/1000,"0.0")&"K", TEXT(val,"#,##0")))) | G17: =LET(val,IFERROR(VLOOKUP("li_impressions",Data!B:C,2,FALSE),0), IF(val>=1000000,TEXT(val/1000000,"0.0")&"M", IF(val>=1000,TEXT(val/1000,"0.0")&"K", TEXT(val,"#,##0")))) | H17: =LET(val,IFERROR(VLOOKUP("li_engagement",Data!B:C,2,FALSE),0), IF(val>=1000000,TEXT(val/1000000,"0.0")&"M", IF(val>=1000,TEXT(val/1000,"0.0")&"K", TEXT(val,"#,##0")))) | J17: =LET(val,IFERROR(VLOOKUP("mc_list_size",Data!B:C,2,FALSE),0), IF(val>=1000000,TEXT(val/1000000,"0.0")&"M", IF(val>=1000,TEXT(val/1000,"0.0")&"K", TEXT(val,"#,##0")))) | K17: =TEXT(IFERROR(VLOOKUP("mc_open_rate",Data!B:C,2,FALSE),0),"0.00%") | L17: =TEXT(IFERROR(VLOOKUP("mc_click_rate",Data!B:C,2,FALSE),0),"0.00%")
B18: =LET(curr,IFERROR(VLOOKUP("yt_subscribers",Data!B:C,2,FALSE),0), prev,IFERROR(VLOOKUP("yt_subscribers",Data!B:D,3,FALSE),0), IF(prev=0,"—",TEXT((curr-prev)/prev,"↑0.0%;↓0.0%;—")) ) | C18: =LET(curr,IFERROR(VLOOKUP("yt_views",Data!B:C,2,FALSE),0), prev,IFERROR(VLOOKUP("yt_views",Data!B:D,3,FALSE),0), IF(prev=0,"—",TEXT((curr-prev)/prev,"↑0.0%;↓0.0%;—")) ) | D18: =LET(curr,IFERROR(VLOOKUP("yt_watch_time",Data!B:C,2,FALSE),0), prev,IFERROR(VLOOKUP("yt_watch_time",Data!B:D,3,FALSE),0), IF(prev=0,"—",TEXT((curr-prev)/prev,"↑0.0%;↓0.0%;—")) ) | F18: =LET(curr,IFERROR(VLOOKUP("li_followers",Data!B:C,2,FALSE),0), prev,IFERROR(VLOOKUP("li_followers",Data!B:D,3,FALSE),0), IF(prev=0,"—",TEXT((curr-prev)/prev,"↑0.0%;↓0.0%;—")) ) | G18: =LET(curr,IFERROR(VLOOKUP("li_impressions",Data!B:C,2,FALSE),0), prev,IFERROR(VLOOKUP("li_impressions",Data!B:D,3,FALSE),0), IF(prev=0,"—",TEXT((curr-prev)/prev,"↑0.0%;↓0.0%;—")) ) | H18: =LET(curr,IFERROR(VLOOKUP("li_engagement",Data!B:C,2,FALSE),0), prev,IFERROR(VLOOKUP("li_engagement",Data!B:D,3,FALSE),0), IF(prev=0,"—",TEXT((curr-prev)/prev,"↑0.0%;↓0.0%;—")) ) | J18: =LET(curr,IFERROR(VLOOKUP("mc_list_size",Data!B:C,2,FALSE),0), prev,IFERROR(VLOOKUP("mc_list_size",Data!B:D,3,FALSE),0), IF(prev=0,"—",TEXT((curr-prev)/prev,"↑0.0%;↓0.0%;—")) ) | K18: =LET(curr,IFERROR(VLOOKUP("mc_open_rate",Data!B:C,2,FALSE),0), prev,IFERROR(VLOOKUP("mc_open_rate",Data!B:D,3,FALSE),0), IF(prev=0,"—",TEXT((curr-prev)/prev,"↑0.0%;↓0.0%;—")) ) | L18: =LET(curr,IFERROR(VLOOKUP("mc_click_rate",Data!B:C,2,FALSE),0), prev,IFERROR(VLOOKUP("mc_click_rate",Data!B:D,3,FALSE),0), IF(prev=0,"—",TEXT((curr-prev)/prev,"↑0.0%;↓0.0%;—")) )
B20: =LET(val,IFERROR(VLOOKUP("yt_impressions",Data!B:C,2,FALSE),0), IF(val>=1000,TEXT(val/1000,"0.0")&"K", TEXT(val,"#,##0"))) & " impr • " & TEXT(IFERROR(VLOOKUP("yt_ctr",Data!B:C,2,FALSE),0),"0.0%") & " CTR" | F20: ="Eng. Rate " & TEXT(IFERROR(VLOOKUP("li_engagement",Data!B:C,2,FALSE)/VLOOKUP("li_impressions",Data!B:C,2,FALSE),0),"0.0%") & " • " & LET(val,IFERROR(VLOOKUP("li_clicks",Data!B:C,2,FALSE),0), IF(val>=1000,TEXT(val/1000,"0.0")&"K", TEXT(val,"#,##0"))) & " clicks" | J20: =LET(val,IFERROR(VLOOKUP("mc_emails_sent",Data!B:C,2,FALSE),0), IF(val>=1000,TEXT(val/1000,"0.0")&"K", TEXT(val,"#,##0"))) & " emails sent"
B21: =IFERROR(VLOOKUP("yt_videos",Data!B:C,2,FALSE),0) & " videos published" | F21: =IFERROR(VLOOKUP("li_posts",Data!B:C,2,FALSE),0) & " posts published" | J21: =IFERROR(VLOOKUP("mc_campaigns",Data!B:C,2,FALSE),0) & " campaigns sent"

Sheet Data
A1: timestamp | B1: metric_key | C1: current_value | D1: previous_value | E1: metric_label

Sheet Data History
A1: sync_date | B1: metric_key | C1: value | D1: period | E1: notes
